<?xml version="1.0" encoding="UTF-8"?>
<CustomApplication xmlns="http://soap.sforce.com/2006/04/metadata">
    <brand>
        <headerColor>#0070D2</headerColor>
        <shouldOverrideOrgTheme>false</shouldOverrideOrgTheme>
    </brand>
    <formFactors>Small</formFactors>
    <formFactors>Large</formFactors>
    <isNavAutoTempTabsDisabled>false</isNavAutoTempTabsDisabled>
    <isNavPersonalizationDisabled>false</isNavPersonalizationDisabled>
    <label>Contact Tracing</label>
    <navType>Standard</navType>
    <tabs>Person__c</tabs>
    <tabs>Location__c</tabs>
    <tabs>People_Tracing__c</tabs>
    <tabs>Location_Tracing__c</tabs>
    <uiType>Lightning</uiType>
    <utilityBar>Contact_Tracing_UtilityBar</utilityBar>
</CustomApplication>
