<?xml version="1.0" encoding="UTF-8"?>
<CustomField xmlns="http://soap.sforce.com/2006/04/metadata">
    <fullName>Contact_Type__c</fullName>
    <externalId>false</externalId>
    <label>Contact Type</label>
    <required>false</required>
    <trackTrending>false</trackTrending>
    <type>Picklist</type>
    <valueSet>
        <valueSetDefinition>
            <sorted>false</sorted>
            <value>
                <fullName>Cohabitant</fullName>
                <default>false</default>
                <label>Cohabitant</label>
            </value>
            <value>
                <fullName>Neighbour</fullName>
                <default>false</default>
                <label>Neighbour</label>
            </value>
            <value>
                <fullName>Other</fullName>
                <default>false</default>
                <label>Other</label>
            </value>
        </valueSetDefinition>
    </valueSet>
</CustomField>
