<?xml version="1.0" encoding="UTF-8"?>
<CustomField xmlns="http://soap.sforce.com/2006/04/metadata">
    <fullName>Person_2__c</fullName>
    <deleteConstraint>Restrict</deleteConstraint>
    <externalId>false</externalId>
    <label>Person 2</label>
    <referenceTo>Person__c</referenceTo>
    <relationshipLabel>Secondary Close Contacts</relationshipLabel>
    <relationshipName>Close_Contacts2</relationshipName>
    <required>true</required>
    <trackTrending>false</trackTrending>
    <type>Lookup</type>
</CustomField>
