<?xml version="1.0" encoding="UTF-8"?>
<CustomField xmlns="http://soap.sforce.com/2006/04/metadata">
    <fullName>Location__c</fullName>
    <externalId>false</externalId>
    <label>Location</label>
    <referenceTo>Location__c</referenceTo>
    <relationshipLabel>Visiting People</relationshipLabel>
    <relationshipName>Location_Tracing</relationshipName>
    <relationshipOrder>1</relationshipOrder>
    <reparentableMasterDetail>false</reparentableMasterDetail>
    <trackTrending>false</trackTrending>
    <type>MasterDetail</type>
    <writeRequiresMasterRead>false</writeRequiresMasterRead>
</CustomField>
