<?xml version="1.0" encoding="UTF-8"?>
<CustomField xmlns="http://soap.sforce.com/2006/04/metadata">
    <fullName>Person__c</fullName>
    <externalId>false</externalId>
    <label>Person</label>
    <referenceTo>Person__c</referenceTo>
    <relationshipLabel>Visited Locations</relationshipLabel>
    <relationshipName>Location_Tracing</relationshipName>
    <relationshipOrder>0</relationshipOrder>
    <reparentableMasterDetail>false</reparentableMasterDetail>
    <trackTrending>false</trackTrending>
    <type>MasterDetail</type>
    <writeRequiresMasterRead>false</writeRequiresMasterRead>
</CustomField>
